﻿Designator,Footprint,Quantity,Value,LCSC Part #
"C1, C3, C7",C_Rect_L7.2mm_W3.5mm_P5.00mm_FKS2_FKP2_MKS2_MKP2,3,470n,
C10,C_Rect_L7.2mm_W2.5mm_P5.00mm_FKS2_FKP2_MKS2_MKP2,1,100n,
"C11, C12, C15",CP_EIA-3216-18_Kemet-A_Pad1.58x1.35mm_HandSolder,3,22u,
"C13, C14, C8, C9",1206,4,100n,
C2,CP_Radial_D6.3mm_P2.50mm,1,10µ,
C4,C_Rect_L7.2mm_W2.5mm_P5.00mm_FKS2_FKP2_MKS2_MKP2,1,220n,
C5,C_Rect_L7.5mm_W6.5mm_P5.00mm,1,2.2n,
C6,C_Rect_L7.2mm_W7.2mm_P5.00mm_FKS2_FKP2_MKS2_MKP2,1,4.7n,
D1,LED_D5.0mm,1,LED_BYPASS,
"D10, D11, D9",D_DO-41_SOD81_P10.16mm_Horizontal,3,D_Schottky,
D12,LED_D3.0mm,1,LED_3V3,
D13,LED_D3.0mm,1,LED_5V,
D14,LED_D3.0mm,1,LED_9V,
D2,LED_D5.0mm,1,LED_TUNER,
"D3, D4, D5, D6, D7",LED_D3.0mm,5,LED,
D8,LED_D5.0mm,1,LED_STATUS,
F1,Fuse_Littelfuse_395Series,1,Fuse 1A,
J1,Jack_6.35mm_Neutrik_NMJ6HCD2_Horizontal_3D_MODEL,1,IN,
J10,Encoder_headers,1,ENC2,
J11,Encoder_headers,1,ENC3,
J12,PinHeader_1x05_P2.54mm_Vertical,1,PWR,
J2,PREAMP_HEADERS,1,PREAMP_HEADERS,
J3,PinHeader_2x06_P2.54mm_Vertical,1,BTN_MTX,
J4,Jack_6.35mm_Neutrik_NMJ6HCD2_Horizontal_3D_MODEL,1,OUT,
J5,Jack_6.35mm_Neutrik_NMJ6HCD2_Horizontal_3D_MODEL,1,EXP,
J6,ILI9488,1,ILI9488 Module,
J7,BarrelJack_Kycon_KLDX-0202-xC_Horizontal,1,PWR_IN,
J8,POTS_HEADER,1,POT_HP_VOLUME_10k,
J9,Encoder_headers,1,ENC1,
Q1,TO-92_Inline,1,2N3904,
Q2,TO-92_Inline,1,BC416,
"R1, R2, R26, R27, R28, R29, R30, R31, R32, R33, R34, R36, R38, R39",1206,14,10k,
R10,R_Axial_DIN0207_L6.3mm_D2.5mm_P7.62mm_Horizontal,1,2.2k,
"R11, R12, R5, R6, R8, R9",R_Axial_DIN0207_L6.3mm_D2.5mm_P7.62mm_Horizontal,6,100k,
"R13, R14, R18, R19, R20, R21, R22, R23, R37",1206,9,330,
"R15, R16, R17",1206,3,50,
"R24, RG1",R_Axial_DIN0207_L6.3mm_D2.5mm_P7.62mm_Horizontal,2,500,
"R25, R41, R7",R_Axial_DIN0207_L6.3mm_D2.5mm_P7.62mm_Horizontal,3,1k,
"R3, R4",R_Axial_DIN0207_L6.3mm_D2.5mm_P7.62mm_Horizontal,2,1M,
R35,R_Axial_DIN0207_L6.3mm_D2.5mm_P7.62mm_Horizontal,1,100,
R40,R_Axial_DIN0207_L6.3mm_D2.5mm_P7.62mm_Horizontal,1,220,
SW1,SW_PUSH_DPDT,1,SW_BYPASS,
SW2,SW_PUSH_DPDT,1,SW_TUNER,
SW3,SW_PUSH_DPDT,1,SW_PRESET,
SW4,DP3T slide switch,1,LINE_LEVEL,
SW5,PinHeader_1x02_P2.54mm_Vertical,1,SW_PWR,
TP1,PinHeader_1x05_P2.54mm_Vertical,1,TP_SIGNAL,
"TP2, TP3, TP4, TP5, TP6",TestPoint_Loop_D1.80mm_Drill1.0mm_Beaded,5,TestPoint,
U1,Teensy 4.1 with audio board,1,Teensy4.1,
U2,4.0audioshield,1,Teensy Audio Board,
U3,lm4562,1,LM4562,
U4,DIP16_300_TEX,1,74HC148,
U6,STPDWN-3P-5V,1,STPDWN-3P-5V,
U7,SOT-223-3_TabPin2,1,AMS1117-3.3,
U8,SOT109-1_NEX,1,74HCT595,
